{"m_pointStart":{"m_position":{"x":-2.195688009262085,"y":-0.03841876983642578,"z":0.4915587902069092},"m_rotation":{"x":-0.09600355476140976,"y":-0.667986273765564,"z":-0.11011895537376404,"w":0.7296926975250244}},"m_pointMiddle":{"m_position":{"x":0.34505993127822878,"y":-0.23192322254180909,"z":-1.0627379417419434},"m_rotation":{"x":-0.04908527806401253,"y":-0.9868717193603516,"z":-0.14453734457492829,"w":0.052761588245630267}},"m_pointEnd":{"m_position":{"x":1.9641754627227784,"y":-0.34633004665374758,"z":1.6871321201324463},"m_rotation":{"x":-0.07229717820882797,"y":0.7251059412956238,"z":0.12510277330875398,"w":0.6733081340789795}}}